Store,Dept,order,aic,cv_wmae_mean,cv_wmae_std,holdout_wmae,holdout_mae,holdout_rmse,n_missing_weeks
44,16,"(1, 1, 2)",1428.9059979990975,277.8931841882616,168.3617939642558,284.71414572535684,290.3837546403764,384.9960919890032,0
23,36,"(2, 1, 2)",1712.364701419051,1995.7190331985812,1218.6747032094668,1917.1084652971563,1925.900436371285,2553.5882654157645,0
17,28,"(0, 1, 2)",1434.0128959811232,386.1088262733262,67.1232711633074,625.5613999497061,639.0215375767182,703.849190681158,0
37,67,"(0, 1, 2)",1602.62476108624,619.7566051374928,238.47705841378342,700.7310306940165,667.4871395543277,1101.6545140077683,0
40,26,"(2, 1, 2)",1700.3229097073645,1485.7427372976515,400.5891111872128,788.3257481302288,743.8780659598333,898.5182807592937,0
42,52,"(0, 1, 2)",846.231075245713,11.419394559802129,1.831937353546851,9.459951995455954,8.398403686831537,10.604477531487902,0
27,37,"(0, 1, 2)",1468.3510688061515,275.85656997532493,42.39383152878945,193.26821466329102,211.9524236382932,276.55670369373223,0
13,48,"(0, 1, 2)",1633.0597671619819,709.505875634753,312.7432949095118,660.1659590953283,670.4564122430879,821.4183888998898,4
45,60,"(0, 1, 2)",1190.8324958478136,65.10937349635856,18.206477819692534,53.25111517707364,46.55154306614852,60.26149501529737,0
28,44,"(2, 1, 2)",1663.0401855266184,662.0771366351463,420.1352663562468,491.16338639307344,499.44159243690154,585.4422643122972,0
28,36,"(2, 1, 2)",1668.0180496471362,1197.141737915438,656.0842379050375,734.0219671859157,752.7313213109726,1046.0654688305826,0
45,85,"(0, 1, 2)",1592.8598238013878,390.41954742687625,229.17804409904483,486.2566901810497,516.5698573976753,569.4592319727388,0
3,97,"(0, 1, 2)",1184.8671600070786,68.45142874766155,11.055131356952588,142.6990079003553,152.71761114624272,167.65627284553338,3
7,31,"(1, 1, 2)",1635.537362280638,939.5193403103,435.6640979486431,634.1104117998858,676.9292363655287,825.5855405582289,0
15,81,"(0, 1, 2)",1478.6247184118984,351.7031442426028,99.21027875387048,236.4303169042918,192.46790472663375,259.6291042183504,0
31,44,"(1, 1, 2)",1582.522126040866,456.0833920319308,350.79616784815136,490.5822490265172,507.20518355624256,602.3513611309806,0
2,85,"(1, 1, 2)",1665.138112094637,834.882799231323,317.8160304865021,763.0879418248118,835.64348203639,932.7163280560582,0
22,80,"(0, 1, 2)",1393.0873873944845,256.7793862651554,48.52882639945291,166.15059265992716,160.91302243122513,194.95892320426725,0
36,16,"(0, 1, 2)",1337.0647925525855,128.7826788771821,22.836141467486,104.54390497079405,117.399257350781,180.25902683155942,0
28,56,"(1, 1, 2)",1513.2724247672438,540.3297748588632,425.43758486143946,505.36515758114507,591.7668810810306,857.335450958766,1
15,44,"(1, 1, 2)",1650.0343174742068,684.1060854382653,564.0345415572344,393.5295651290404,419.25915033635573,520.0506280946186,0
10,50,"(0, 1, 2)",1531.3361466278916,352.18662584072223,50.39644753606211,469.8233123841324,399.5306585142107,488.6611507519598,0
12,36,"(0, 1, 2)",1733.1236953762054,1956.2526131315633,430.4465084071722,1358.7612565142458,1513.3629373551937,2179.117756401932,0
24,41,"(1, 1, 2)",1575.7922104354718,606.1404974548793,128.05159887892677,629.6488980566309,455.0013259699635,715.8723573594533,0
25,52,"(1, 1, 2)",1513.4312195139216,652.4402955092179,233.98070278628836,266.5976810981774,292.9588465265732,340.90809758500234,0
29,6,"(0, 1, 2)",1925.5879199751266,2346.263600411266,1480.3054797922136,1726.271645142754,1647.0255084842777,1816.8613745402922,0
17,52,"(0, 1, 2)",1602.355549409557,928.2178438957784,440.8693875763151,341.0507272072218,389.3554917625493,488.78550111152225,0
34,30,"(1, 1, 2)",1458.3345735221558,325.564065800691,47.777835656522086,355.17410754775267,363.785451058867,433.3609095666887,0
34,21,"(0, 1, 2)",1582.3064478583142,493.3094558503403,208.10293823259738,510.27538854714317,587.6122237563683,686.875744959707,0
15,59,"(1, 1, 2)",1474.4389583744648,327.96255079564077,114.46602135889239,273.64645091717836,283.5957660887993,289.9561336239506,0
3,24,"(1, 1, 2)",1675.3188428109218,1002.5572442258731,389.2841996726594,944.0372294382367,872.1586992172577,1203.1585716221764,0
30,7,"(0, 1, 2)",1291.512139605239,196.19748409443923,34.94774081160905,113.1609793407268,124.6923053919016,160.6611694457963,0
10,60,"(2, 1, 2)",1339.2015691029585,131.1886097258388,36.57772988535255,86.84927824011577,98.23102794776166,120.4006275840609,1
32,33,"(2, 1, 2)",1747.0701269116316,1087.8779136689102,868.4011239692406,1002.8868716998793,1061.0469720735314,1191.4603515043373,0
17,35,"(0, 1, 2)",1478.0387802495452,364.57769170478133,13.080722153903164,318.43623884701685,315.7010732841181,393.328150782779,0
33,17,"(0, 1, 2)",1197.7675880246586,59.16380898923001,3.9173637039062372,31.91551812515643,30.198701330316744,36.49341216394502,0
36,14,"(0, 1, 2)",1499.486750195333,408.8056801006716,162.97592410816273,244.20382734577984,218.82656477562668,257.84156049808877,0
2,36,"(0, 1, 2)",1711.9783525382295,1796.3411285056281,1112.1556475258203,1813.5854480040248,1940.5209245176711,2918.3368134417706,0
17,19,"(0, 1, 2)",1820.4117327190568,1372.5839954230635,130.09772956154669,1216.4826895154881,1279.5904725202258,2563.995386781529,0
27,28,"(2, 1, 2)",1359.1360259549915,330.3273647251201,27.56431153329497,255.56030621539523,249.1360737297345,287.2350787350493,0
10,56,"(0, 1, 2)",1577.473794865424,955.9358456015949,650.8908219320439,1203.8947681507414,1112.974720591919,1295.3167814039457,0
18,59,"(1, 1, 2)",1839.5690006957325,1500.8330026945796,706.2791152585282,1010.9796108517372,1035.1648689050314,1048.2960683840236,0
3,87,"(1, 1, 2)",1400.42851560476,211.61668553242984,63.70169563373544,293.8574856266121,289.58779328111444,348.7934174712643,0
5,17,"(1, 1, 2)",1560.6321694612313,672.0299203497779,501.6988502296291,364.1540174460346,308.7435575712057,390.0760266088781,0
38,14,"(0, 1, 2)",1507.3471686159203,419.42149731255176,317.59835414402687,141.07168287423912,157.11469678670048,185.63467291207132,0
11,59,"(1, 1, 2)",1847.6012877392452,1336.0245925131615,527.1803233586406,897.5349721107335,936.4670048569468,945.3189062524964,0
16,12,"(0, 1, 2)",1545.6898734922524,998.0654884977358,471.02380431518395,1431.9042385131934,1511.8702361569256,1704.5803459797053,0
4,28,"(0, 1, 2)",1331.3309980331057,225.78961150411286,42.38919752763412,258.04733293637315,260.00370892332154,303.85423505517247,0
17,93,"(0, 1, 2)",1643.7329861968126,957.5940458798564,260.9401330155011,948.2126453557717,780.9988844602475,981.701159681682,0
20,60,"(0, 1, 2)",1317.601854174293,126.02293031628399,68.00051886116319,85.39016933058024,85.36763996249412,110.3218637679861,0
29,28,"(2, 1, 2)",1310.838450695989,303.34214715172624,79.95086237163332,174.72104580031163,176.83249252860944,217.64546853475238,0
24,85,"(2, 1, 2)",1627.9305130973337,377.9261362273625,285.7686404451486,390.9800071948086,359.9431640133909,435.3103672499488,0
25,83,"(2, 1, 2)",1188.2890463493163,141.78915917827348,33.220465734615765,69.790967373487,72.24442512820401,86.7941378640534,0
30,11,"(2, 1, 2)",1423.4914571887318,213.25931156576084,121.88236287955213,216.11330999179322,215.39304316986033,234.95896055086968,0
13,50,"(2, 1, 2)",1547.3152867126894,428.42746313838023,77.23118932397514,587.2776676507829,497.04154546215506,637.4392840633166,0
4,35,"(2, 1, 2)",1629.2079815643456,589.5159964025484,111.71351416464277,706.5660443131512,734.0213348521228,920.6313231574472,0
7,27,"(1, 1, 2)",1251.1800653044886,183.19088123504832,12.378016342882871,103.43403267725728,115.19126332945075,144.5263197178591,0
7,29,"(1, 1, 2)",1483.7471739965442,311.1022404116007,149.0456110737522,216.6949825042345,242.99921845312844,314.45014830492727,0
27,31,"(1, 1, 2)",1722.6159258974278,1266.4835193124577,771.6406754676578,1594.9256206956948,1288.1171470132047,1625.7109843978765,0
26,26,"(0, 1, 2)",1652.5958275995724,1192.107848628575,337.0077278893878,952.7964694623575,936.8015320265281,1143.4651944277628,0
41,52,"(0, 1, 2)",1540.6522557555181,525.6553458717266,196.4948127523697,379.84250928346734,373.92610093135806,448.01047550950983,0
3,29,"(1, 1, 2)",1560.4520592580734,461.1575741507392,325.88722434203316,270.2713718493813,263.8772015226918,315.3782465199961,0
36,74,"(0, 1, 2)",1245.560486482329,79.87930698963767,18.223088130813334,51.04571182555997,54.17267704070298,67.22527009126131,0
28,30,"(1, 1, 2)",1546.2368483696964,429.74756896397224,97.81669027696468,927.0504505310383,802.3972421057654,937.9413370388435,0
12,56,"(2, 1, 2)",1533.168282110857,723.0160905708335,698.0715023180842,726.4805885768993,840.5706450255317,1310.642450894235,0
8,29,"(2, 1, 2)",1640.0402458571577,662.9230760479851,90.10942780892151,756.7115472653225,673.8356186899059,751.0913914116284,0
44,85,"(1, 1, 2)",1174.0392989475763,95.87325419661006,19.740647869496478,44.675928893882286,48.015436697985535,55.23966885296297,5
38,74,"(1, 1, 2)",1222.1287400273422,73.94971262258291,23.48506407512714,91.14334995676913,103.60582576545289,137.77770793948486,0
45,6,"(2, 1, 2)",1922.0758977202192,2334.522359900688,1685.144948040177,1307.6797761566852,1439.0984351322106,1624.2631602837394,0
16,81,"(2, 1, 2)",1491.0811298332558,737.1093106048608,349.4168769236479,343.17878026141733,384.48021758320976,490.5682623339424,0
22,83,"(2, 1, 2)",1439.2725362123556,458.97077936563284,155.0297547740651,144.73482319770525,163.1749770957561,208.25879309183588,0
31,30,"(2, 1, 2)",1536.0288393393166,553.8143192629101,214.66595203506944,1308.6405322757196,1400.2026263859082,1524.8796498833644,0
34,59,"(1, 1, 2)",1578.7944283237757,395.6699164755889,34.04677375098657,346.0709810899238,353.2593252446068,363.55085735900343,0
36,20,"(2, 1, 2)",985.7119446359792,38.74829338203598,6.934885310869002,12.789775465522641,14.205417920999917,18.482102500968146,0
16,28,"(2, 1, 2)",1242.9324893878133,117.89780876152763,53.516948962827904,407.2625315750884,412.3568559957721,424.5207179730005,0
24,19,"(0, 1, 2)",1030.94598280794,34.712046667883705,12.322202914654298,26.084353985156806,27.839644953128417,34.077145533773745,0
43,14,"(0, 1, 2)",1609.6797324346082,689.7696156778715,598.360287349561,159.2466376372706,182.10235817824918,224.7628686719816,0
14,60,"(2, 1, 2)",1293.669543246739,130.22402349989113,23.383501885338756,99.31130639024796,91.45756819792567,115.4698259023827,0
36,60,"(1, 1, 2)",1213.1065863237602,72.36481004322354,12.0564740605256,88.62220394233037,85.92090621630399,95.66841137978992,0
3,74,"(0, 1, 2)",1628.2862069836935,793.2220449523212,538.2356237856991,576.277470660915,612.6779774631539,788.9843515311653,0
22,31,"(2, 1, 2)",1729.3927586179025,1108.2421234499325,574.3059712693349,1028.4129965084924,1111.8494387478777,1411.4331345518376,0
9,52,"(2, 1, 2)",1497.6054818938194,409.30770882089365,152.6130254214737,314.25529674918516,317.89811288842316,376.429216148138,0
15,29,"(2, 1, 2)",1740.7544201283888,785.9130477940504,430.3368442686241,707.867234270483,702.6675152241505,814.6188714008449,0
7,26,"(0, 1, 2)",1551.806830340654,405.29252532237257,187.216734769026,384.38116443392147,361.1757204714749,450.3542955295952,0
3,96,"(0, 1, 2)",1643.8628836653656,632.8538091856449,129.3629196769629,481.50606404995034,540.2006412909658,665.1322246809211,0
16,41,"(1, 1, 2)",1603.773736968828,960.310379836978,240.88809269070845,546.1200075725693,544.735391689578,622.950878107412,0
13,30,"(0, 1, 2)",1573.8775525475758,845.905895051509,307.1096400209363,1278.3626378307301,1282.1889916073146,1394.4404132202421,0
38,59,"(0, 1, 2)",1093.6671603840205,58.049640033996695,40.73747661564228,72.44924236550453,75.39274046807795,79.24508311468293,3
5,67,"(0, 1, 2)",1708.1261964041155,899.943240682624,276.549867694425,955.5135419120451,902.3142684581055,1585.694966355952,0
34,36,"(2, 1, 2)",1528.7049815528785,687.8256938304636,17.639609514335223,435.5192733877789,496.4845232369679,621.9376650848907,0
11,52,"(0, 1, 2)",1566.9492793278143,996.176501263827,501.6534182865838,361.82390127216274,370.8359835844012,429.31221268273254,0
36,10,"(1, 1, 2)",1036.8247097167064,28.89242569510526,5.1896175955575785,72.61451332336287,70.87544513698977,89.19436153647851,0
13,31,"(1, 1, 2)",1776.2959899615885,1065.0727871137212,586.9900219917893,1507.9378225177486,1410.5220189686725,1908.4555493557637,0
15,50,"(1, 1, 2)",1578.9724286237793,666.8670229318493,147.6380598944405,492.4504071455378,567.4504771399672,727.5330067491989,0
22,60,"(1, 1, 2)",1318.729940663211,87.5093961798034,9.864064619250755,79.03759016367243,81.45489976882426,113.99318649095669,0
30,83,"(0, 1, 2)",1394.6896067274595,362.06154837780167,22.98703793433256,267.8619999019173,259.67061526641317,325.7656968890806,0
42,10,"(1, 1, 2)",1134.6294450589016,51.76043893740938,6.057187990080648,51.40034717238217,48.12719307688631,61.46525441390151,0
4,48,"(1, 1, 2)",1728.2582594530438,1485.4598671974472,636.1597571194758,1373.9359009245957,1264.920172902245,1471.1097383308802,2
14,35,"(2, 1, 2)",1648.1589619312845,623.3071093048139,110.91227219344363,798.449261537251,746.1725444561434,1009.967761859664,0
16,20,"(2, 1, 2)",1576.4466441495317,873.7445975687333,363.12115535651213,521.2637999737534,586.1994041842648,775.702073413752,0
43,98,"(0, 1, 2)",1821.5462760317628,2103.4379718359082,1300.4260426772214,1418.800155223735,1493.3578425522198,1665.9863863809717,0
20,71,"(0, 1, 2)",1845.74406188723,2295.074688164074,2061.7988891240752,2782.615832989586,2196.8787755084995,3272.288231329932,0
16,23,"(2, 1, 2)",1886.829230215987,2331.2006141785064,1676.5645508014863,1220.5860815498754,1306.0760298892467,1698.3365441164108,0
35,10,"(0, 1, 2)",1780.9005735225828,1971.8066545583797,361.82980715165746,2498.370005905945,2659.4095900228053,3014.561454863166,0
38,81,"(2, 1, 2)",1573.5365536301335,637.6241199125827,125.42393508328777,741.0352492577429,645.2089305974462,852.1444832438526,0
41,24,"(2, 1, 2)",1807.282544680666,1899.0183069348552,967.2690277242875,1109.5495791684903,1239.7113393630952,1646.5600429833532,0
24,26,"(2, 1, 2)",1814.2564276523715,2129.7462629221004,499.5269785665496,1270.974686964675,1444.2968819070056,1761.7145273186095,0
13,24,"(2, 1, 2)",1955.8764961747897,4115.438319079916,1747.8355487765875,2906.0518674175883,2428.5791184584064,3088.3088145530883,0
45,81,"(0, 1, 2)",1695.5183778644762,1234.2648726547166,408.47194460324954,1078.0426796649056,985.5933899426393,1111.066603439909,0
25,5,"(2, 1, 2)",2119.1809894115063,9006.408466933204,5728.178587899428,4747.164517406562,4869.149291160843,5250.967436273592,0
24,96,"(2, 1, 2)",1862.1280793128187,3973.6080920600216,1397.084710694396,4810.012975063632,4838.649472561521,6376.626186323323,0
45,91,"(2, 1, 2)",1706.318414464772,1526.5139887868515,614.5526752625647,1812.5273257576541,1725.1809861146216,2019.7124725769208,0
4,29,"(2, 1, 2)",1895.0429798027565,1979.74607108714,1800.1631758058772,1400.4082678564052,1161.8009624028193,1404.4066933302008,0
7,56,"(1, 1, 2)",1961.4157125064894,7099.649333886467,6651.8356772279185,6830.872727780202,7839.462596444465,13867.158301402655,0
15,4,"(0, 1, 2)",1671.0089024327574,1302.5421521737414,565.7948497703038,1416.6596483272658,1290.9705876265955,1644.8468739820692,0
28,24,"(2, 1, 2)",1913.258521457618,2882.1283847566824,128.41483517254358,2237.458924041181,2223.8629286392984,3241.6419051703347,0
2,29,"(1, 1, 2)",1827.7249883789284,1898.07572661786,1219.1743686774337,1431.0662434196565,1293.1412258949683,1450.5546661927517,0
20,26,"(0, 1, 2)",1908.3416587658082,3694.7312365661633,685.8884213437562,3399.5406182448637,3188.2839546834607,4210.811896881466,0
33,80,"(2, 1, 2)",1575.7861942265538,559.743710138565,95.91905986784624,1227.9408297470777,1217.6085199465624,1299.3390490139316,0
25,11,"(1, 1, 2)",1882.3484598438781,4207.540159634327,1048.39761385624,2306.5767415205664,2502.498024540679,3031.9705358281267,0
14,56,"(2, 1, 2)",1903.0478291680988,5034.223871561135,5772.67954874371,4755.808242625794,5421.008402881661,8100.8480313488335,0
10,97,"(0, 1, 2)",1460.5945367130537,389.56588675898246,137.9371896847981,315.7956012523582,250.87869481393776,313.3694260017762,0
12,24,"(2, 1, 2)",1969.7870038803082,3959.1774811561686,660.4252352290454,2733.110352721639,2838.7580343527757,4812.041543657076,0
21,32,"(2, 1, 2)",1938.9910145553322,2014.0080902369045,728.2791483356882,1557.0424457382146,1519.1061379950936,1911.4682058016338,0
22,32,"(2, 1, 2)",1904.0411074582723,1521.842636243342,836.8975275464948,1158.2055464753828,1197.9537542373353,1429.5458851043238,0
25,21,"(2, 1, 2)",1651.4114936316785,510.1316295539024,353.9130880011372,490.7725509551987,526.0970555318098,705.0734723803457,0
16,82,"(1, 1, 2)",1902.2562954839423,1790.1550560377298,867.0645455256301,1247.4213420275958,1274.5832382407268,1520.4448180894194,0
31,32,"(0, 1, 2)",1886.4203878899143,1793.7413323353278,570.0272597968807,1374.614117419502,1243.9698338132457,1815.7678181919555,0
31,16,"(1, 1, 2)",1845.2548863712748,1694.8410502312845,708.4675705392468,5754.187855826635,6127.366790850356,7469.533719666345,0
14,83,"(1, 1, 2)",1810.8115323994903,1713.855052732258,262.33642669585396,1924.4232584415151,1929.9526175712895,2284.078093141635,0
2,67,"(0, 1, 2)",1964.8207355821048,3547.8083231967903,1139.7912761181635,3816.2118056511104,3533.904483733388,6222.880731548682,0
26,55,"(2, 1, 2)",1987.441127580817,5853.498952359525,4870.3257972101155,4348.3089337835145,4273.48138012848,4605.889469003206,0
11,21,"(2, 1, 2)",1728.908927611171,1045.2646133247254,658.4539276257517,584.2457504732621,637.3120092817634,893.7311824781935,0
28,98,"(2, 1, 2)",1813.1346888826188,1953.0579544276643,891.5641455982607,1414.2005921775585,1470.662442332867,1701.0802385599802,0
16,55,"(2, 1, 2)",1959.5267453334855,4279.345149144268,2991.221252527012,2872.5566241226747,2979.627737858716,3240.3045146930326,0
30,1,"(0, 1, 2)",1840.7826188138376,1924.181940907345,48.53397174046797,1394.0903824737704,1529.3827686222364,1784.889547853758,0
33,79,"(0, 1, 2)",1649.6205610581294,730.5040857485407,46.75517045601553,1120.7136089013381,1133.0890333070056,1354.3768755637275,0
2,17,"(2, 1, 2)",1901.5801598725554,2863.8087614566307,2766.362769035368,2235.0050501711667,2186.8794844332683,2450.3761682875183,0
16,14,"(1, 0, 2)",1886.805581879411,2453.6096987911606,2247.4024589063406,2030.4538858396656,2061.815110563699,2287.726503142192,0
24,21,"(2, 1, 2)",1702.21356393491,764.5772374853068,385.99032434869275,644.4976326762793,716.6352455884992,960.8548567440897,0
11,16,"(1, 1, 2)",1914.373493044533,2531.867335497287,881.140325111904,11557.69215814361,12698.449670548129,15020.084219761975,0
17,67,"(0, 1, 2)",1833.8003848201097,1960.1464284722463,512.7311064005004,2064.6150484687646,1852.3565968726139,3023.6284251524994,0
4,20,"(0, 1, 2)",1719.5868691220717,990.2846413031397,226.45963325836675,1185.2491646865883,1187.804854366191,1433.026836788538,0
5,8,"(0, 1, 2)",1636.9384436849755,639.2002499766963,144.05609396834967,979.4119226091849,944.7887751771187,1083.7677510094761,0
35,71,"(0, 1, 2)",1908.7384634739512,3830.871774010399,2325.2628767181664,1880.8832693006714,1594.8152219777326,2212.0211974469,0
11,87,"(0, 1, 2)",1787.3117575488134,1237.4702323178733,202.4773986912566,2172.142151882853,2046.6879734664694,2482.462331617769,0
15,17,"(0, 1, 2)",1848.9886579260992,2271.590969758296,438.50515970130226,1650.62393211409,1572.420636137493,1840.758181683063,0
4,33,"(2, 1, 2)",1962.0877190270107,3537.8202841270304,1636.945254395951,2605.22663096271,2439.245028370824,3563.7180206173216,0
17,17,"(2, 1, 2)",1854.279104999816,2805.697861858634,733.924662116819,2337.898473773969,1919.7860883118842,2378.9781117911007,0
18,71,"(1, 1, 2)",1819.9174716862049,1605.9734380577895,866.9895159693126,1979.6409782420747,1554.7508098772635,2292.2667703753727,0
25,55,"(2, 1, 2)",2000.7985162751604,5695.119395053662,3294.914655742246,4265.942272153329,4475.561643025759,4648.436465623533,0
21,71,"(1, 1, 2)",1744.5416113887973,1439.9502387736347,298.6180036833993,1174.0269284584008,1144.1891195294008,1421.6714820526795,0
22,56,"(1, 1, 2)",1878.065595877664,2948.4450372904466,2879.8799611279956,4551.82182012009,5037.6686057350535,7732.7326400808815,2
26,79,"(2, 0, 2)",1701.6262201110587,773.2307251776007,155.1144797715748,1257.4540830350415,1072.4189022847604,1375.1400322231991,0
13,25,"(2, 1, 2)",1930.9523030796827,2453.0109594337578,1379.4858671608301,2140.999080249042,2122.453229401736,3023.1935389285245,0
4,44,"(2, 1, 2)",1686.8224949826447,1063.3895854749426,420.5878759192565,1006.8996850913874,1012.8422217746221,1193.6367148670545,0
7,32,"(1, 1, 2)",1882.3278981619485,2494.109951398685,1507.1464132022102,1682.267089650247,1745.608017610826,1961.0993444726496,0
7,46,"(1, 1, 2)",1831.881722410795,3661.485233938833,593.5338538961064,2488.4333186644453,2812.422869059842,3595.8680414998375,0
24,22,"(2, 1, 2)",1905.8905419137493,2612.745655328589,1779.940054186032,1840.147201974361,1791.936711560934,2128.7685466849034,0
23,24,"(2, 1, 2)",1943.860441438371,3529.7480712535216,2126.976742344898,2069.4206706719497,2269.7832616801034,3045.2140429820925,0
40,21,"(2, 1, 2)",1767.2308582731125,1099.1430689151475,660.0404467828043,716.7593898539661,814.7875028599267,951.6657431833519,0
3,4,"(0, 1, 2)",1616.348823131392,658.9104544047492,232.49543052982654,666.0633867952771,645.1639910126903,792.5423114599736,0
34,12,"(0, 1, 2)",1620.659948697654,810.481698691406,376.6210805655032,1059.6025727340698,1110.7866902179815,1202.2815960229696,0
24,67,"(0, 1, 2)",1927.4182575702444,2947.4757030177498,412.3412311265935,2942.5121444623496,2859.2941228135996,4296.838433178054,0
12,30,"(0, 1, 2)",1583.0440200416836,730.1694256072839,360.9251385899463,1774.4498594982358,1736.473296267823,1993.6877106643003,0
8,56,"(1, 1, 2)",1795.6423452524205,4303.117528515656,4471.44791857647,3928.9120341550783,4635.6242156771095,7316.694188457933,0
45,5,"(2, 1, 2)",2151.352649783169,11362.751509040298,5419.783755481569,6854.956505883674,7201.859004411367,7917.78456863377,0
36,91,"(2, 1, 2)",1656.5215993507575,1183.241036597016,315.8779798103551,774.3188844643636,753.3220980550981,954.5883461066045,0
45,14,"(2, 1, 2)",2014.456296864366,5197.618926201306,4205.796411172842,2560.5964295220997,2622.9867473577083,2830.1285339119645,0
16,7,"(2, 1, 2)",2056.050709610152,4775.975372403117,2461.49329832632,2568.081848785803,2579.289888880386,2977.6340674484704,0
20,29,"(2, 1, 2)",1898.5609495542744,1925.194678266778,1245.2836749069597,1780.591805162247,1536.9243383275618,1881.4933858385634,0
28,14,"(0, 1, 2)",2011.750116186553,4794.794271879123,4128.102067307202,2383.485508650302,2372.2404847836974,2664.8359290354806,0
32,3,"(2, 1, 2)",2010.9684880706814,4835.772685986804,2080.6247922154926,6333.979666957119,7470.413021656249,12703.457965434109,0
33,91,"(2, 1, 2)",1660.7674512670105,857.8604569345144,286.6891391775609,1242.3546793955788,1206.8556850334978,1463.92005435381,0
15,46,"(1, 1, 2)",1859.4419557541491,1335.677769431205,741.2879628490341,1273.9913041458651,1283.3031060890255,1575.0147637226783,0
21,14,"(2, 1, 2)",2010.4021036658398,5308.927376791291,3011.4910206351824,3683.115800516171,3669.0315893750485,3952.5137998518294,0
41,98,"(0, 1, 2)",1748.0983927151678,984.8053204457484,643.0410731764745,799.8583346078079,830.1728647837685,992.8124281483837,0
13,96,"(0, 1, 2)",1699.4589656594273,1284.0947400068878,536.3696832563362,1942.630930235153,1830.4875364669022,2241.103864004393,0
34,3,"(1, 1, 2)",1931.6445855218835,2878.561636554452,1078.749378508169,3788.6594203402415,4426.4399580872605,7579.626995301156,0
4,6,"(0, 1, 2)",2040.2646552812218,4755.324165370526,3217.501608295727,2720.412080010798,2482.781757290869,2791.8171429663857,0
19,96,"(2, 1, 2)",1866.8933710643562,3252.58318593866,1432.3367823017682,5146.045687441642,5048.845467465701,6717.525268866108,0
10,29,"(0, 1, 2)",1944.2020755559836,3116.345232008844,1792.0649602319493,1856.8547272635165,1552.284414907315,2149.3389713928777,0
14,29,"(2, 1, 2)",1948.609118490386,2332.4673913637475,1147.6167763741296,2295.7447208929757,2470.742299922295,2675.96622522604,0
7,25,"(0, 1, 2)",1737.6639148422387,1454.3773616838778,790.6443981597821,1284.6813912636114,1310.3521529159766,1634.719181554801,0
4,25,"(1, 1, 2)",1866.1792865521832,1980.747397137582,889.9207614560617,1488.8994096758724,1499.5948293293045,1913.0313846105437,0
15,90,"(2, 1, 2)",1532.7923711195713,587.662972613786,85.22349912344552,664.1887759846958,694.5142955018108,766.7893758828479,0
12,91,"(2, 1, 2)",1565.0162479694777,487.45170897352983,71.06190547739409,1001.0821554750273,961.796994445463,1130.3168632937325,0
36,13,"(1, 1, 2)",1589.370102001586,803.0977577090089,329.5790153253734,424.943239518314,443.0320792506583,524.3022912829857,0
6,33,"(2, 1, 2)",1845.3362343957328,2299.412913184251,829.857102481866,1746.885375780346,1761.3742951940023,2112.61129451742,0
31,49,"(1, 1, 2)",1792.9903394493608,1476.3831802024442,124.81235731187196,1829.0172161825465,1711.1799817690112,2413.871955435587,0
11,67,"(0, 1, 2)",1909.8233729218414,2738.8642448777014,485.6825447032362,2940.218769000838,2759.0205677702406,4112.574100609587,0
33,38,"(1, 1, 2)",1828.0658699720668,1679.6943160912963,172.2188822203435,5298.302668785001,5217.057817492114,5860.036855372565,0
13,6,"(0, 1, 2)",2035.2218932213505,4622.699754170102,3627.621240748811,3080.6586587610313,2855.899707545413,3051.687002563872,0
14,58,"(1, 1, 2)",1849.3775803538902,2288.407815302546,1085.2387605708234,3858.112339845739,3998.51960520551,5678.541063106679,0
20,24,"(2, 1, 2)",1910.872664924958,3714.6570564098233,771.0786872945002,2062.793543028574,2130.118922698782,2672.198481832968,0
27,44,"(2, 1, 2)",1725.2036022777286,1306.1314817419604,759.1316532861574,720.1828901034554,731.6211910516326,861.3754361780175,0
40,80,"(0, 1, 2)",1730.9790322781746,2489.963445164775,701.566418393956,1763.0175918760403,1673.661825602826,1980.7132684923308,0
4,67,"(0, 1, 2)",1939.1931094531192,3022.508212846749,1044.252602952846,3568.6684732623908,3106.2558523931375,5144.622292490375,0
13,58,"(0, 1, 2)",1851.1511417797487,2601.249478496706,677.1256679024574,2192.7598864960955,2112.7258469686194,2799.890679489669,0
15,24,"(2, 1, 2)",1782.3679204346288,2078.4434998734823,916.4357150334426,1374.3750321700613,1049.383107314818,1418.716218442679,0
42,38,"(2, 1, 2)",2000.5121153591954,5410.558167957013,1932.7212706578357,10614.8452083521,10472.408848941064,11627.922825406124,0
20,74,"(2, 1, 2)",1954.98568643791,4632.00481428131,2555.710007508827,3604.9721192234047,3268.050750937026,3930.181126383127,0
17,1,"(0, 1, 2)",2115.8013941243107,5503.36899143687,982.9244368592982,6448.42663644484,6220.25876699763,9580.484150945222,0
34,94,"(0, 1, 2)",1940.483425732582,3232.306996259938,786.1538068012302,4118.145812125825,4425.812771625893,6082.120770823015,0
38,95,"(2, 1, 2)",1877.6206876002914,3019.8398830946935,637.4966126965909,4506.773834429022,4188.372959801501,5182.979324965093,0
41,2,"(2, 1, 2)",1984.0953107355826,3062.9757986387144,418.1176994817955,2909.497749323379,2808.0140340863536,3624.770818066342,0
24,2,"(0, 1, 2)",2007.2470596119624,4157.309286969958,276.19886337077986,3324.7338485917858,3162.9491535165675,4056.6066243559135,0
13,10,"(1, 1, 2)",1958.8194840353513,4765.422384949322,1047.9729240032555,7020.860272382129,7527.483699608036,8326.623842208366,0
45,40,"(0, 1, 2)",1840.7767333001877,2308.9068578538227,470.26917592075324,3351.4249257073984,3379.169525852506,3878.5620933927803,0
34,93,"(1, 1, 2)",1905.901019464441,3100.3828009004924,2083.3912165058814,2132.8943868198735,2005.117327409915,2559.168361893996,0
24,72,"(0, 1, 2)",2346.9288637574537,21634.21947648026,23070.042671812527,16748.257696424676,15840.922864922044,17089.316402672222,0
45,92,"(2, 1, 2)",1944.9387843877425,4176.8853536835195,1721.1766826818255,3389.600265625503,3184.9004736386473,3852.009259743541,0
4,2,"(2, 1, 2)",2046.8411042956006,4499.608933745083,2184.8794775611327,6074.961787962307,5601.991903305851,6800.636650344103,0
7,72,"(0, 1, 2)",2325.0516013669053,24106.938127332523,23730.963933911753,20026.79316418275,21127.187756875453,22327.71085580549,0
14,23,"(0, 1, 2)",2172.35753285247,7326.014996101095,2903.823930744645,6577.731660809889,6801.402951713674,7728.593393658147,0
36,93,"(2, 1, 2)",1869.2165097504087,1994.2992734760526,669.6882042079471,1565.5908097245967,1496.3795871584716,1847.8695472241845,0
2,3,"(1, 1, 2)",2043.2011625905611,6450.045828153711,3418.5087022681237,7994.164916430114,8925.479388947982,13763.419501121361,0
20,23,"(1, 1, 2)",2203.236248666217,7355.16462770052,4831.647791417303,4953.208513130244,4852.220707039416,6148.121115872944,0
28,81,"(2, 0, 2)",1843.318264136359,2004.4068528450534,466.01380492298586,1937.564182760965,1883.2203863769262,2489.1043494230635,0
22,92,"(1, 1, 2)",2015.7761147788028,5776.929274174109,2480.2654875677667,3827.9553524814723,3320.725519786909,4179.555893152891,0
14,10,"(1, 1, 2)",1835.3389886352318,2200.7145703121937,389.9998511246084,2721.991761867992,2619.24805142256,3138.3911297928394,0
11,9,"(2, 1, 2)",1943.1160364839307,3566.5647912608492,1009.0519904854273,2522.490971504778,2703.1088331357623,3365.723314171915,0
12,13,"(2, 1, 2)",1826.1888236851246,1522.6489819647834,122.03967445129945,3112.415887129538,2553.287328470687,3397.0200630811555,0
21,13,"(0, 1, 2)",1767.0589064103024,1694.7859505982208,321.09944460994063,1558.0187384683109,1626.0933514874519,1886.4963084329866,0
22,40,"(0, 1, 2)",1909.9422100392144,2963.735353546735,947.15333331892,2712.5600296890834,2571.888560347844,3200.489309813792,0
36,80,"(2, 1, 2)",1697.4987732030193,1470.1405117698175,49.93248851130837,1538.043466960851,1578.3004611722745,1876.6999316801011,0
17,13,"(1, 1, 2)",2011.1475440640588,5207.765521253876,2762.5357059061935,4936.675919027097,2862.9030209080443,5316.282094718623,0
31,13,"(2, 1, 2)",1804.6243570291272,1863.6883469091445,834.4482506096847,1568.9328446540792,1485.741653393343,1890.1237215486515,0
32,13,"(1, 1, 2)",1757.331452112187,1860.3568385304072,435.51701816634295,1460.0717557330056,1335.6321445335443,1689.5121200174785,0
14,16,"(2, 1, 2)",2142.378159529948,16108.854008581788,10435.068457590354,20962.84572108858,24219.90795226072,33574.39794538586,0
2,14,"(0, 1, 2)",2118.9801023669456,7257.430565084639,8786.379403884732,5375.519320762931,5771.374566047634,6398.5868899229245,0
22,38,"(0, 1, 2)",2069.5315436468986,5953.397940063692,368.3028010021557,5586.0531202396005,5700.899939587363,7519.805585922376,0
11,23,"(2, 1, 2)",2085.2018756512284,6551.689642473658,3240.8275252020826,4027.646119907972,3419.051521914994,4326.212795064279,0
32,92,"(1, 1, 2)",2114.983650854494,11504.205496039887,6355.24950599687,7673.997603476757,7748.533921247096,8975.640563099292,0
17,5,"(2, 1, 2)",2218.025273733496,14750.91307599078,12828.909949770597,6833.666294617715,7232.600253805041,8498.495671691648,0
29,72,"(0, 1, 2)",2385.853986737354,25715.307862263933,27331.00115844163,14932.069600930663,15960.632595993364,16819.959176204095,0
28,40,"(2, 1, 2)",1891.2957164459442,3332.7608185158933,883.4401587111289,3955.240942086172,4089.106472226499,4955.926468036289,0
1,92,"(2, 1, 2)",2204.9419932385763,16275.637272912269,8568.619405040421,13900.761746596881,11936.669272729408,14374.893810567979,0
16,40,"(0, 1, 2)",1875.9933640827246,6716.296750916849,1230.64161185582,2402.3425872825414,2741.406707750755,3477.422390077172,0
23,91,"(1, 1, 2)",1934.2437846574956,2596.290104888525,814.6626007861197,4049.6605148727563,4778.430612030253,5413.469553708938,0
11,11,"(2, 1, 2)",1886.0020892294663,3976.4142824386513,634.1452770927835,2702.5449223675273,2527.906412734212,2997.1162591612187,0
18,14,"(2, 1, 2)",2050.7230451820046,6199.002585174171,2621.164223493006,3231.5973670841104,3302.982802683514,3814.3029821313567,0
3,38,"(2, 1, 2)",2151.7565617643204,10056.798044578682,2960.7529063772813,7989.348525451937,8867.45297989564,10584.232600086001,0
4,55,"(2, 1, 2)",2096.3794799768643,7176.643818755263,7680.754422215751,6852.879902652904,7074.3987453871705,7597.107230819724,0
35,22,"(0, 1, 2)",1959.342045640187,3428.9803318202607,1874.0187286096677,3099.9716092790454,2404.4653609002967,3081.496354004593,0
12,2,"(0, 1, 2)",1926.4079511916923,2133.9427230857077,371.3076967505518,5401.447966587152,4874.051327607338,5643.245249952164,0
14,79,"(1, 1, 2)",1894.5446528655652,2368.05859265379,838.9741798728278,4451.385766843418,4181.8140226443265,4926.923463138369,0
4,5,"(2, 1, 2)",2276.2120940689247,17741.228231521065,10766.326818053492,13184.596046552186,13336.500660329222,15027.666386297036,0
17,95,"(0, 1, 2)",1996.466717281429,7817.550724016124,2339.428550576404,8190.801133595917,8024.95456833405,9557.058792729003,0
19,17,"(0, 1, 2)",1951.0240314954458,3778.4727803959563,759.7460703976986,3087.9241531318107,3609.2070563383368,4159.4037212397825,0
35,17,"(0, 1, 2)",1886.0230455876558,2484.3734554534035,1242.6132204000348,1491.4845878121123,1239.691880762458,1495.5252908274167,0
29,40,"(2, 1, 2)",1786.2115475802614,1370.6439392919492,185.1579994841379,2792.160845283242,2640.132392338871,2892.5385327096146,0
22,82,"(1, 1, 2)",2082.9723177056353,3945.3739313743404,2977.6311097977436,1687.5843152194889,1795.9860030440398,2408.0522862836615,0
27,38,"(1, 1, 2)",1974.9998338491203,4435.4920053886435,850.0780844252085,4129.347909502659,4436.830411894365,5520.034296695539,0
13,11,"(1, 1, 2)",1898.8138736398532,4402.907153816615,719.3161158789815,2344.2237664210934,2322.2007082134355,3194.518419789301,0
4,8,"(1, 1, 2)",1919.6286124951337,2423.908141033847,641.9899543143217,2471.903642672174,2401.2950657633214,2736.1868328374385,0
7,9,"(1, 1, 2)",2106.3724233545963,16825.937829157217,5668.013302779008,21191.726255680976,21739.580621736655,26468.735177626277,0
7,38,"(2, 0, 2)",1940.7255860228552,3372.7909481037236,601.7350938373879,3502.563717239655,3469.5452996208483,4326.170640431394,0
39,46,"(1, 1, 2)",1958.8395312938035,4965.819137594103,1738.1833946530946,3417.4307629102495,3926.1150593528814,5626.521558313003,0
25,38,"(0, 1, 2)",1985.6963171353032,3880.7924340260183,261.17382110032685,4806.572110431736,4642.375620263886,5772.351020101528,0
40,2,"(2, 1, 2)",1966.8870268055646,2463.3554042093306,625.6683722816658,1747.2164855337364,1703.3741238015184,2053.128038307326,0
2,40,"(0, 1, 2)",1948.8364675967816,4530.240468950655,1131.0605159548775,2853.913434541905,2910.0616050212684,3618.9304428780424,0
33,95,"(2, 1, 2)",1799.1023093395208,1710.4949314065873,595.6802294115248,3557.569942906634,3660.5462052141934,4467.543264559595,0
24,23,"(1, 1, 2)",2119.7584651843185,5877.023471929941,2819.3642640274347,4202.699856595147,4536.084318689517,5254.274019254513,0
12,25,"(2, 1, 2)",1885.2389090580218,2346.298229354153,734.4388415890877,2293.965694382445,2284.1648658876875,2612.930117263303,0
9,2,"(0, 1, 2)",1821.558447421631,1581.1573504012883,466.7102966472539,1664.3120016391124,1637.3272553666013,1919.1444887174403,0
43,91,"(2, 1, 2)",1869.7470100187072,2477.3508335384277,473.50915451918195,1819.4934558839807,1787.8091898673633,2242.0541041296597,0
23,7,"(2, 1, 2)",2332.824019989669,20901.352528718307,16436.424986211012,10244.081023502686,10440.627273523109,11722.08595823398,0
43,95,"(2, 1, 2)",2040.5707014712139,5705.7522175474005,2202.068728421195,6199.6811321174,5853.241731995202,7637.429261425672,0
15,92,"(0, 1, 2)",1785.4169644734616,1931.0463097354352,506.5299914282792,1847.5900023058605,2059.522310471165,2378.066700075102,0
20,25,"(0, 1, 2)",1919.6760029731631,2322.060994794177,806.6442482923384,2259.2161474320433,2459.05843408477,2965.3378974298466,0
39,14,"(2, 1, 2)",2109.1083910042216,7015.753460679472,7379.931718293277,1860.1623353785149,1922.9944463935547,2326.9053738751118,0
27,7,"(1, 1, 2)",2339.4995443376256,22931.181298030977,17557.92951423239,13043.44984966218,12866.849662723314,13895.538513633002,0
32,95,"(0, 1, 2)",1991.9083262744075,6222.475975504544,1165.6018541907474,5021.179253906995,5460.252947016123,6573.437062858748,0
14,92,"(0, 1, 2)",2270.925236617035,23041.91629044981,10275.59168402368,22159.450816526947,21248.449711295816,25005.89280315985,0
20,93,"(2, 1, 2)",2067.10680473938,7416.610336958946,2302.8795543607503,5021.0858153714935,5418.4996889291315,6800.219793091745,0
41,72,"(2, 1, 2)",2391.6361701726346,29397.689848435737,28725.793205190635,11872.838825910327,11829.745253914813,13398.453477841782,0
13,81,"(0, 1, 2)",1814.9342253455438,3403.4703275323877,1597.6944033052087,3105.5657532461214,3064.397187815971,3580.5216986957134,0
33,93,"(2, 1, 2)",1934.2986064479535,3069.7807098159246,713.0363432795327,2158.9670846401114,2346.319742037058,3040.891023572767,0
2,96,"(1, 1, 2)",1962.1552674213829,4064.9261070462303,1280.6025943900022,4144.289452372954,4358.612250301041,5775.63000043044,0
20,7,"(2, 1, 2)",2373.3789185008,26984.82022465042,20799.035849750206,11118.651441153335,11223.257088676773,13189.151723724844,0
10,55,"(2, 1, 2)",2191.7125124098775,13882.702277808814,8415.533716831002,9871.190194307115,10248.571688872033,10867.4365988806,0
14,1,"(0, 1, 2)",2273.296373843463,15419.008762599447,4906.27442219884,14836.009971935968,15979.348427717703,24863.023250864688,0
7,2,"(1, 1, 2)",1861.1512372588602,5613.840286125848,1426.1589938966952,2752.3869687015062,3119.1481735002153,3709.013367474428,0
4,1,"(0, 1, 2)",2180.281617853228,10046.233464440857,2656.9376312921127,10506.41423546474,10327.056129919047,13326.0356928331,0
15,8,"(2, 1, 2)",1826.6985776346457,932.7723320032386,527.8482742015834,786.235916925197,846.8949819813176,1093.1655677140257,0
13,3,"(1, 1, 2)",2184.777888179849,10182.065460052434,4862.732624736469,19788.29576570994,14713.247195268357,21815.948586658942,0
21,40,"(0, 1, 2)",1820.948864238138,1739.1602136045776,305.27266099591424,2380.1370114278848,2402.2810137720658,2808.6852191045823,0
6,8,"(2, 1, 2)",1920.9929147889898,3800.824805198792,591.6835164228507,1778.53508324501,1960.7806935433675,2508.158869655121,0
31,40,"(0, 1, 2)",1868.4367806621394,3213.2461569052634,801.4156877995389,3546.7506068672824,3507.53637237852,4223.164621718552,0
11,94,"(0, 1, 2)",1918.6974141168341,2568.335675935568,765.5467440115654,5423.289189299331,5652.0521444607575,7056.1797978991835,0
32,90,"(1, 1, 2)",1982.7556919785627,4915.929148187361,2710.1905146374656,4978.516703054702,5251.9262924744535,5752.9843865302355,0
13,4,"(1, 1, 2)",1880.1730152494035,3246.925882061565,935.7813040534456,3644.4905985861033,3054.4126796325886,3841.0968497983563,0
14,11,"(2, 1, 2)",2008.7731899534826,5199.56110637013,1003.9849347050877,3564.388393300895,3732.0040939107957,6731.1778615984285,0
20,17,"(2, 1, 2)",1980.0662150261207,3640.848399877319,1466.7398499158578,3313.2814946116864,3392.482245766537,3930.9848445336615,0
27,16,"(2, 1, 2)",2117.677536796051,15618.342990030758,10000.929129793396,20176.974807684375,22973.594392802675,31198.26257460797,0
40,72,"(0, 1, 2)",2260.805332232585,14203.0750809991,15013.963976994475,11032.547301996752,10278.962133175573,11585.179877944509,0
4,13,"(1, 1, 2)",1921.4492890187034,4035.761333852657,1681.8965332702198,5003.2526845219845,4484.8257295258045,5459.599985137862,0
13,46,"(2, 1, 2)",2026.9065518551067,5239.375957088575,1775.797844765917,3055.7534108211607,3464.696018284407,4354.978866167154,0
14,81,"(1, 1, 2)",1928.4142834447034,4334.367409182292,259.48032008828324,3369.3820241484827,3495.5176564152157,4130.594527932045,0
